Name,Curator_ID
Brien MacCaughey,1
Quent Schutze,2
Birk Jedraszczyk,3
Mari Greydon,4
Shelley Wileman,5
Cati Fero,6
Janean Duckworth,7
Vite Carnelley,8
Honey Dulin,9
Odelle Haburne,10
Yvette Pirolini,11
Sapphire Berthe,12
Meryl Nangle,13
Jone Tuft,14
June Mechi,15
Giffie Lardeux,16
Manda Mowne,17
Meridel Melin,18
Viviyan Downes,19
Cathie Gamwell,20
Vyky Kinvan,21
Ryon Costen,22
Yvonne Fryatt,23
Pippa Ollive,24
Farleigh Leinster,25
De witt Bowler,26
Niel Cobello,27
Patty Cleal,28
Clyve Haslock,29
Meier MacQuaker,30
Barde Kobu,31
Hasty Sloegrave,32
Seana Barrus,33
Kris Gerhts,34
Hamil Britnell,35
Hershel Finlry,36
Riobard Staner,37
Dorrie Castanares,38
Oneida Cappel,39
Lenka Starbuck,40
Ham Josephs,41
Ragnar Chittenden,42
Angie Triplett,43
Joana Toffts,44
Garald Foy,45
Glenda Jedrzej,46
Hewie Olennikov,47
Melamie Andrewartha,48
Myrna Jellis,49
Carmela Stares,50
Zora Smitherham,51
Brenden Gaine of England,52
Chrisy O'Reilly,53
Pauletta Enrdigo,54
Davie Burress,55
Mendel Lautie,56
Billy Goadsby,57
Wilbur Scothron,58
Alano MacIntosh,59
Eduardo Cattow,60
Lari Probet,61
Modesty Antonat,62
Barri Bartolomieu,63
Kevin Whal,64
Son Melburg,65
Debbie Penketh,66
Alfred Ferrer,67
Shaylynn Lambertini,68
Timmy Marskell,69
Vaughn Cammock,70
Ardeen Fackrell,71
Claus Persitt,72
Charisse Ortler,73
Isa Juliff,74
Ceil Shinner,75
Sheree Grisard,76
Boris Bruff,77
Carrol Coytes,78
Neel Pennicard,79
Cornie Stoate,80
Udall Goullee,81
Jayme Eallis,82
Dian Clixby,83
Bogey Alner,84
Corina Davage,85
Barbra Klas,86
Traci Rushworth,87
Noach Hawkin,88
Fidelity Forcade,89
Boone McTear,90
Sandy Blazdell,91
Gilberta Ratnege,92
Ceciley Lloyd,93
Olin Tyrie,94
Matilde Egdale,95
Gustaf Kerwick,96
Tan Ellis,97
Bebe Biasioli,98
Dagny Ishchenko,99
Justin Ettridge,100
Selby Metzke,101
Vanya Duffell,102
Sephira De Wolfe,103
Gaylord Hubble,104
Junia Sircomb,105
Tanney Maddrah,106
Den Sim,107
Jeralee Denisovo,108
Derrick Hedling,109
Lory Ramey,110
Karry Phuprate,111
Dom Dundon,112
Lacie Cowdery,113
Hatty Macias,114
Gradey Ripley,115
Maxy Bisp,116
Tynan Beevor,117
Shae Astles,118
Vanny Godsmark,119
Walsh Brodeur,120
Consuelo Else,121
Kennett Eronie,122
Keely Cotty,123
Margarethe Sallowaye,124
Vernor Mulvihill,125
Ferrel Berrey,126
Bart Corneljes,127
Bendick Guisot,128
Jordan Dannell,129
Issiah Watters,130
Alecia Deevey,131
Felicia Proudman,132
Brig Phython,133
Karlee Ohm,134
Chic Pouton,135
Suzanne Karchewski,136
Cy Petrussi,137
Herb Dimberline,138
Bayard Verdun,139
Mano Garfit,140
Karl Hort,141
Celinka Showering,142
Heloise Dunston,143
Darb Pinard,144
Gayleen Rasper,145
Clare Putman,146
Romeo Paddy,147
Thorstein Klauber,148
Lucilia Dunton,149
Corrina Stranio,150
Laurel Kacheler,151
Gregg Mungane,152
Giovanna Perryman,153
Spike Serrels,154
Alphonse Pigden,155
Damaris Dowers,156
Hewe Sapauton,157
Helena Groger,158
Tristam Spreag,159
Celeste Chauvey,160
Dani De Domenicis,161
Concettina Ralfe,162
Briant Asee,163
Blakelee Houten,164
Cass Karlqvist,165
Shermy Shepcutt,166
Addi Enston,167
Montgomery Bovey,168
Cecil Clarkin,169
Leonid Oosthout de Vree,170
Adan Elsom,171
Franny Bryers,172
Ravi Gibbe,173
Zaccaria Bumphries,174
Caz Eastman,175
Kingsley Fairweather,176
Brendon Laidel,177
Nellie Keppe,178
Milicent Pellamont,179
Rodrique Chislett,180
Nara Wilkisson,181
Rock Iwanowski,182
Lorry Fyfe,183
Reta Laingmaid,184
Elisabet Spencers,185
Mabel Crother,186
Nady Catford,187
Sula Sivell,188
Wanids Steenson,189
Paten Janic,190
Thornie Brolechan,191
Lanna Dilston,192
Drucy Ryal,193
Gerty Lampke,194
Chicky Gately,195
Elvin Poone,196
Morgana Wooller,197
Daffi Duffett,198
Ewart Faithorn,199
Ardath Artindale,200
Winny Frichley,201
Lennie Cockerill,202
Lucio Penson,203
Foss Bemment,204
Eustacia Shireff,205
Cory Rolfi,206
Whitby Pedroni,207
Collie Restill,208
Lisha Broadhurst,209
Freddie Nickoles,210
Lynn Gillebride,211
Desi Anchor,212
Rory Boothebie,213
Alleyn Pedroli,214
Carma MacCumiskey,215
Madelle Webborn,216
Krishnah Trulocke,217
Menard Fullbrook,218
Forrester Botting,219
Bethina Pimblotte,220
Shina Stearnes,221
Phillis Crees,222
Allianora D'Ambrogio,223
Shena Maffione,224
Marcile Woodward,225
Armin Ollerton,226
Rockie Dawtre,227
Ealasaid Bracegirdle,228
Jdavie Pinnigar,229
Rolf Runacres,230
Josee McReath,231
Gypsy Debill,232
Kelci Goldis,233
Eldin Peepall,234
Kylie Beldam,235
Baryram Redferne,236
Carmine Bazoche,237
Glyn Downse,238
Rudolf Dobbs,239
Aurthur Challen,240
Manfred Minerdo,241
Martyn Eykelhof,242
Genni Gowthorpe,243
Northrup Thow,244
Eleanora Tampen,245
Ronda Earingey,246
Fidole Avison,247
Dorella Broz,248
Gordan Chree,249
Iormina Hatherill,250
Jenn Fedorski,251
Gearard Clewlow,252
Timmie Dancy,253
Noah Peacham,254
Geri Sinderson,255
Cloe Whawell,256
Dave Konert,257
Chester Casari,258
Janeva Tonkinson,259
Sibby McAughtry,260
Mathew Quinby,261
Dorian Donlon,262
Gaspard Wotton,263
Selene Witcherley,264
Paola Tongue,265
Rockie Folcarelli,266
Wadsworth Kulvear,267
Taffy Pinchon,268
Anabelle Bellay,269
Christie Howford,270
Montgomery Drennan,271
Dominik Tubble,272
Adham Elmar,273
Rosabella Meneux,274
Madge Gipp,275
Roberto McAvin,276
Jamill Alywin,277
Maximilien Alldis,278
Woodman Yansons,279
Hugo Drummer,280
Rosanna Sloane,281
Bearnard Schafer,282
Carmon Wenban,283
Petronille Le Pruvost,284
Reyna Goulborn,285
Petunia Callander,286
Gilberto Gingle,287
Merrick Diggons,288
Ashleigh Sentance,289
Jayme Buick,290
Agretha Symcoxe,291
Kattie Bathow,292
Thorstein Razzell,293
Rodge Vaszoly,294
Mervin Gallgher,295
Tamar Greystoke,296
Josiah Dukes,297
Berton Tallant,298
Shelton Bawden,299
Nappy Ledram,300
Briano Blowen,301
Grove McKinnell,302
Reese Binestead,303
Geoffry Bothe,304
Junette Wayte,305
Jarvis Mc Dermid,306
Giselbert Prichard,307
Berty Vipan,308
Kamillah Walklett,309
Andrej Kington,310
Wiatt Heggs,311
Rina Woodrow,312
Emmit Rangle,313
Gaylor Youthead,314
Adair Lynett,315
Alissa Dumbellow,316
Sidoney Linsey,317
Rawley Squire,318
Willabella Coltan,319
Bronny Simonian,320
Ive Fattori,321
Gwendolyn Chevolleau,322
Catriona Fessby,323
Allx Graysmark,324
Fabiano Freddi,325
Minnaminnie Tuting,326
Geordie Eccleston,327
Dew Vankin,328
Ase Yole,329
Krissie Lottrington,330
Hanan Kane,331
Harwilll Twyford,332
Pippa Tolossi,333
Tallie Skade,334
Goldy Lorentz,335
Florri Birdall,336
Payton Wetton,337
Douglas Tinklin,338
Marvin McKay,339
Caterina Greggs,340
Nikolaus Clacey,341
Janey Jeromson,342
Darsey McWilliam,343
Ugo Hansen,344
Roland Wilfing,345
Jack Caven,346
Den Josephy,347
Janetta Marriot,348
Winfred La Rosa,349
Adrian Wathey,350
Carlen Bradnum,351
Erie Volonte,352
Patricio Rudolfer,353
Stanwood Colbeck,354
Kassie Pimlott,355
Gabey Marsy,356
Raffarty Syres,357
Dorey Bartali,358
Euphemia Inch,359
Dionysus Kill,360
Stuart Stutt,361
Riki Hayesman,362
Tailor Thackwray,363
Bryn Cheetham,364
Anthony Jeffree,365
Odo McGarrell,366
Gerri Sewall,367
Codi Pactat,368
Papagena Caudrey,369
Drud Slocumb,370
Chris Dresser,371
Elane Abels,372
Saree Redmire,373
Dorian Curr,374
Edvard Bedin,375
Sari Carbert,376
Bud Aven,377
Stan Goatman,378
Barret Brightling,379
Emily Nuccii,380
Basia Rayman,381
Solly Schneidar,382
Nicola Quelch,383
Friedrick Liger,384
Berni Frohock,385
Ronny Johnke,386
Andreas Joddins,387
Chrotoem Kharchinski,388
Abigale Goford,389
Corie Bratch,390
Marge Roggieri,391
Cord Findon,392
Dino Oxtaby,393
Roselia Heddon,394
Marcel Munn,395
Maurizia Lints,396
Bethany Crocetto,397
Jedidiah Pentercost,398
Quint O'Connell,399
Maryellen Zanazzi,400
Shannen Stieger,401
Madelena Perrat,402
Cathy Sillitoe,403
Cammy Atton,404
Luigi Treadway,405
Noam Brocking,406
Berty Slay,407
Fey Shakelade,408
Ariella McCaig,409
Tabina Acres,410
Kirsteni Dunckley,411
Britte Ziehms,412
Ezequiel Marle,413
Caleb Dinkin,414
Rosalynd Morcombe,415
Selia Vautin,416
Elsy Pavel,417
Mikol McCaffrey,418
Julissa Jouning,419
Matthaeus Huck,420
Darlene Mussalli,421
Banky Krug,422
Lynelle Heintz,423
Massimiliano Langshaw,424
Barret Dranfield,425
Ronnie Salery,426
Elbertine Baudrey,427
Binny Defries,428
Lindsay Raoul,429
Gayle Parkman,430
Carce Arendt,431
Darbee O'Tierney,432
Sisely Scade,433
Collete Leftwich,434
Lynna Killock,435
Jarid Aspall,436
Rey Warry,437
Kiley McMains,438
Blakelee Forsyde,439
Alaric Shuker,440
Frants Popple,441
Mavis Brunner,442
Gwenneth Newborn,443
Traci Sunock,444
Wilow McGarvie,445
Belicia Tidbury,446
Blanch Domesday,447
Morly Springer,448
Rickey Jardin,449
Norton Sothern,450
Alwyn Rilston,451
Klara Gofforth,452
Addy Clague,453
Kingston Baxstare,454
Ezequiel Coppen,455
Danila Lomaz,456
Kittie Dye,457
Harold Hegden,458
Julita Andren,459
Kettie Rowlson,460
Jonah Pietraszek,461
Fiann Shevlan,462
Marissa Milton-White,463
Fernanda Pakes,464
Leena Bartoszewski,465
Lillis Girardin,466
Frasquito Insall,467
Rosamund Keetley,468
Brew Dilleston,469
Dimitri Yokley,470
Patrice Reggler,471
Carly Willbond,472
Nikolos Rowes,473
Yolanda Pynn,474
Davy Blackboro,475
Fidole Kenrack,476
Rora Costanza,477
Darb Juliano,478
Kelsey Woolfenden,479
Phillie Gillaspy,480
Laurens Vina,481
Cissy Allridge,482
Herve Bodill,483
Henrie Huot,484
Cariotta Gogie,485
Laney Brashier,486
Gare Summerill,487
Vi Heys,488
Viole Lemme,489
Janine Swin,490
Konstanze Beeze,491
Cyndi Beeching,492
Lilah Mingaud,493
Christy Lanham,494
Carmella Poplee,495
Merilee Goulter,496
Nixie McIndoe,497
Suellen McKenzie,498
Monro Gretham,499
Flss Vannet,500
Clarisse McCheyne,501
Clotilda Jerromes,502
Giacinta Temporal,503
Kit Todaro,504
Cortney Heinrici,505
Donal Parradice,506
Goran Hounsom,507
Freeman Tamas,508
Anna-diane Gerrell,509
Louis Worman,510
Herbert Graysmark,511
Dayle Kunzel,512
Cad Domotor,513
Sheila Bubear,514
Dido Stanett,515
Zebadiah Joanaud,516
Egbert Matthewes,517
Jarib McLauchlin,518
Pepito Valentino,519
Hugues Tejada,520
Kim Pittle,521
Morry Emmins,522
Nial Levet,523
Freida Sparshatt,524
Irena Goodhall,525
Edi Brunker,526
Gonzales Probin,527
Isabel Douch,528
Valeda Tasch,529
Marybeth Peart,530
Padriac Francklyn,531
Loutitia Blackborough,532
Bill Hammelberg,533
Hayes Chaulk,534
Obie Drennan,535
Josephine Macilhench,536
Briny Blowick,537
Lesli Koenen,538
Kirbie Wybern,539
Alic Shellum,540
Matias Eastmond,541
Rosabelle Demogeot,542
Myra Teanby,543
Ive Wimbush,544
Trudi Palk,545
Roma Corkett,546
Rod Igounet,547
Karissa Ralphs,548
Margret Skelhorn,549
Flossi Doblin,550
Israel Mack,551
Rebeca Russi,552
Avrom McAuley,553
Vic Kahane,554
Jud De Hoogh,555
Bernardine Morcomb,556
Orly Clynmans,557
Onofredo Tiner,558
Inesita Keelin,559
Vince Hawthorne,560
Judi Lages,561
Gianni Churchman,562
Faina Boost,563
Hollyanne Oldacres,564
Marcel Strickett,565
Zelda Febry,566
Maridel Blanc,567
Laverna Acuna,568
Giuseppe Phalp,569
Haily Leworthy,570
Ly Ennals,571
Rodger Episcopio,572
Austin Scotland,573
Laverne Summersett,574
Gilbertine Olivet,575
Ernie Fennessy,576
Hugues Teggart,577
Nanny Stubbins,578
Thedrick Chieze,579
Loise Foldes,580
Reena Schaffler,581
Karoly Golsworthy,582
Lemmie Davidove,583
Anabel Almak,584
Vilhelmina Prestige,585
Siouxie Headley,586
Valenka Megarry,587
Anjanette Saffin,588
Phillis Leggin,589
Leia Spires,590
Jaymee Larmet,591
Jackelyn Sowman,592
Suzanna Strutton,593
Cliff Kimble,594
Romeo Cicconetti,595
Dionis Gledhall,596
Barris Lafay,597
Rozina Frere,598
Merrick Lanfear,599
Venita Loader,600
Shirlee Joffe,601
Alard O'Boyle,602
Farah Brookwood,603
Giovanni Ciobotaro,604
Fredia Pauncefoot,605
Alika Dunsire,606
Nathalie Redhills,607
Opal Mandry,608
Nelson Mansuer,609
Giacomo Oxbrow,610
Essa Schaben,611
Charin Davidovicz,612
Madelaine Leythley,613
Clark McCord,614
Field Worsnop,615
Nerti Clift,616
Auguste Crandon,617
Marnia Kolis,618
Alessandro Skaif,619
Zilvia Flanne,620
Rozelle Mudge,621
Galven Varley,622
Rhett Andreazzi,623
Winston O' Faherty,624
Leicester Paroni,625
Floria Jeffree,626
Dolli Feavyour,627
Feodora McCard,628
Tedman Shulem,629
Danya McManamon,630
Charla Longhorn,631
Johannah Deesly,632
Katrina Leggin,633
Gaelan Sanger,634
Cassy Mardall,635
Kiersten Caroline,636
Dickie Preist,637
Renata Epton,638
Brett Bowmaker,639
Haydon Bilbrook,640
Axe Siviter,641
Dagny Fairburn,642
Lucretia Climer,643
Georgie Ivasechko,644
Neda Kemitt,645
Bart Albinson,646
Mabelle Hugueville,647
Marylee Spottiswoode,648
Annemarie Koppelmann,649
Curtice Janowicz,650
Nonah Grainger,651
Abby Sylett,652
Ritchie Gilluley,653
Ernesto Moreby,654
Beck Darbishire,655
Reynard Stainbridge,656
Kris Gartsyde,657
Allan Wyeth,658
Vilma Kolyagin,659
Jolee Hadley,660
Farleigh Tanman,661
Erminie Bampforth,662
Clare Canland,663
Erin MacGuiness,664
Thatcher Clift,665
Patten Hagyard,666
Arnold Childers,667
Dunc McKeggie,668
Garwin Casement,669
Robbin Carlet,670
Genovera Lorens,671
Johnny Jacobson,672
Reena Guichard,673
Morganica Durrad,674
Traver Blakeden,675
Pryce Ridger,676
Powell Enriquez,677
Melisenda Clapison,678
Amelina Kenwrick,679
Kiel Mounch,680
Kipper MacCaughan,681
Martha Flewett,682
Raoul Firidolfi,683
Mathilda Borles,684
Jacquelynn Spelsbury,685
William Catherall,686
Alaster Gilli,687
Nellie De Lacey,688
Cirilo Southey,689
Adrian Kemmish,690
Mar Aberdein,691
Loydie Dirkin,692
Wally Rittmeier,693
Helaine Mashro,694
Loydie Sollowaye,695
Gilligan Niesing,696
Ax Delagnes,697
Gregoor Hamal,698
Janelle Britten,699
Hewie Giurio,700
Boigie Gherarducci,701
Janey Matuszynski,702
Fancie Fante,703
Lyn Ludlam,704
Audrey Corah,705
Brantley Crudge,706
Larine Pughe,707
Ramonda Dignam,708
Fonsie Kellett,709
Lynsey Moro,710
Durand Wicklin,711
Grenville Lowrance,712
Ekaterina Thirst,713
Anderson Stokell,714
Brittni Weighell,715
Lorri Biggam,716
Rachael Bezarra,717
Helenelizabeth Corkhill,718
Augusto Reeders,719
Jewel Peasegood,720
Isaiah Vinnicombe,721
Malcolm Mawd,722
Jere Shulver,723
My Blown,724
Noel Durie,725
Thorndike Keiling,726
Jacob Divall,727
Vania Petrina,728
Basilius Manthroppe,729
Diena Youster,730
Barnabe Klempke,731
Malcolm Rhubottom,732
Lilian Beacom,733
Colby Howsin,734
Hedda Tante,735
Farleigh Hasling,736
Ezequiel Birkmyr,737
Betta Addey,738
Roger Nelthropp,739
Lila Madill,740
Vincenz McKennan,741
Perry Hick,742
Nicolina Riddett,743
Burton Vickerstaff,744
Erv Hackworthy,745
Jammal Peake,746
Tonnie Horrigan,747
Cyndi Acedo,748
Shurwood Elders,749
Haley Roark,750
Elysha Antosik,751
Albert Labrow,752
Anton Kinvan,753
Creighton Yedy,754
Donaugh Licciardo,755
Cybil Bambra,756
Chaim Abdey,757
Dona Felce,758
Maiga Iacopini,759
Dukie MacCartair,760
Haily McParland,761
Ferris Wapol,762
Kristel Perigeaux,763
Viviene Ciccottio,764
Willis Copnar,765
Keenan Kruschev,766
Kevyn Parkyns,767
Oralie Gostridge,768
Sabrina Ellinor,769
Alyss Croson,770
Silvia Cesco,771
Jilly MacArdle,772
Waylon Rickesies,773
Becca Grayne,774
Sanford Berthomier,775
Laney Lornsen,776
Wye Itzhayek,777
Ellyn Condie,778
Quentin Garrioch,779
Mallissa Gardiner,780
Desiri Zorzini,781
Hillie Vickress,782
Chrystel Gregoretti,783
Floyd Lean,784
Jennilee Vicary,785
Alysia Birtonshaw,786
Falito Coen,787
Gideon Jeannaud,788
Meade Probbin,789
Coleman Reggio,790
Wini Athelstan,791
Helyn Blythin,792
Gabriel Leasor,793
Scotty O'Shevlin,794
Brendan Dunican,795
Madlen Mennithorp,796
Kathleen Lockyear,797
Kaylee Rumney,798
Peterus Durston,799
May Iwanowski,800
Marlee Bibb,801
Farah Vertigan,802
Toiboid Rings,803
Fina Villa,804
Ethel Bothbie,805
Morlee Deveril,806
Dolley Blaskett,807
Holly Mitro,808
Rosco Grinnov,809
Hobard Clamp,810
Sena Fairy,811
Tobin Dallicott,812
Jenny Fishe,813
Yehudit Risen,814
Linnie Lacky,815
Tommie Lippi,816
Ginnie Duddan,817
Tatiania Sheerin,818
Filippa Anselmi,819
Shepard Kenwell,820
Magdalene Bolt,821
Layton Rolinson,822
Noelyn Morgon,823
Hatti Christoffe,824
Joanie Danelet,825
Clari Wyard,826
Jake Cicci,827
Lotta Chitty,828
Zonnya Dozdill,829
Sol Tinsley,830
Lynnell Berkeley,831
Emylee Bridewell,832
Aubrie Lasseter,833
Adan Chittock,834
Gregor Prazer,835
Tremaine Scattergood,836
Cecilia Blundan,837
Carlye Pyrke,838
Micaela Nipper,839
Friedrich Tackell,840
Heda Truwert,841
Fletch Roony,842
Leanor Cossons,843
Etienne Pargeter,844
Vyky Duell,845
Dore Stellino,846
Judi Andrusyak,847
Brewer Heustace,848
Adan Melluish,849
Mar Hold,850
Tucker Delooze,851
Maurita Tuson,852
Rolland Huncote,853
Marietta Kainz,854
Corenda Learoid,855
Benita Umbers,856
Austen Lukianov,857
Nikolos Branigan,858
Kassia Bissiker,859
Lilias Rosenqvist,860
Ashton O'Hannay,861
Cynde Hedderly,862
Siouxie Sullivan,863
Boigie Briant,864
Conchita Fearnall,865
Victoir Diggles,866
Tania Tunnadine,867
Loise Regenhardt,868
Esma Lanfare,869
Roldan Grahamslaw,870
Tobias Peckett,871
Zsazsa Handke,872
Guss Jeanel,873
Horst Wasielewski,874
Andrus Camilli,875
Ceciley Shoosmith,876
Beulah Pasmore,877
Janeta Sandwich,878
Neille Khilkov,879
Wilma Pritchitt,880
Ashby Babber,881
Andra Malitrott,882
Duane Theakston,883
Lloyd Follan,884
Cherrita Ligertwood,885
Brooke Traske,886
Kippar Hekkert,887
Trixie Smouten,888
Corry Roston,889
Delbert Joscelyne,890
Ola Dransfield,891
Preston Bover,892
Nehemiah Passingham,893
Lolita Aleevy,894
Donny Youle,895
Goddart Santostefano.,896
Rockie Junkin,897
Abner Gairdner,898
Farica Gaskamp,899
Adah De Meyer,900
Kacy Pfeiffer,901
Isadore Kibbe,902
Billye McGaughey,903
Skylar Walstow,904
Aili Teas,905
Dedra Arnout,906
Theodore Buzin,907
Aura Janway,908
Lowe Fulcher,909
Nichole Esseby,910
Alyss Shattock,911
Stephie Mival,912
Ophelia Steenson,913
Carole Organer,914
Tanner Giggie,915
Scarlett Glanester,916
Angelle Tapner,917
Burke Lavers,918
Berti Vasechkin,919
Morris Kitchinham,920
Syman Yea,921
Antonino Ramsted,922
Cammy Smalles,923
Hilary Farnan,924
Sissie Macias,925
Charlot Ravenhill,926
Leone Bradnick,927
Jareb Vallentin,928
Idell Overthrow,929
Paul Maycey,930
Skyler Bodham,931
Felicity Overil,932
Randal Firbank,933
Ulric Dowthwaite,934
Patricio Loxston,935
Renata Orto,936
Julee Keave,937
Bertrando Feronet,938
Karrah Sarvar,939
Kyle Gomme,940
Wallas Meadus,941
Royce De Wolfe,942
Rockie Deschelle,943
Bobbie Boule,944
Quinn Ferro,945
Stesha Olanda,946
Quintilla Tomblin,947
Mada Daborn,948
Amye Mucklestone,949
Giraud Skeat,950
Branden Iddens,951
Helen-elizabeth Tartt,952
Sebastien Potten,953
Monika Rodd,954
Ade Andrich,955
Gearalt Aland,956
Desiri Baudoux,957
Freddi Youle,958
Tasia Charles,959
Lusa Hanning,960
Prue Barrow,961
Joya Nannetti,962
Aleda Bleckly,963
Karen Rau,964
Tracy Ilyenko,965
Isador Renols,966
Raleigh Andras,967
Sanders Pues,968
Geri Staves,969
Adelind Matias,970
Elvis Tureville,971
Sharon Liddicoat,972
Ingeborg Kybird,973
Ciro Hannis,974
Feliks Defond,975
Cilka Gounet,976
Vassili Eyrl,977
Gregg O'Reilly,978
Mattheus Youens,979
Lynda Veel,980
Torrence Kennermann,981
Tiphanie Latimer,982
Oren Abbey,983
Marlon Parysowna,984
Lissi Cardall,985
Adda Daffey,986
Gabrielle Mc Caghan,987
Rebecca Avramovich,988
Wrennie McNern,989
Reilly Raithbie,990
Wilone Yancey,991
Gwenora Lintin,992
Kristoffer Rockhall,993
Rodolph Lob,994
Thornie Draisey,995
Deloria Pavic,996
Ody Davage,997
Margeaux Francke,998
Lewes Endersby,999
Gwenni Kerslake,1000
