Genre,Genre_ID
pretium iaculis,1
mi in,2
nullam,3
ultrices,4
nullam molestie nibh,5
auctor sed tristique,6
id lobortis convallis,7
id lobortis convallis,8
sapien ut nunc,9
nulla,10
elit proin,11
in consequat ut,12
orci vehicula,13
vestibulum velit id,14
in consequat ut,15
tempor turpis nec,16
parturient montes,17
curae nulla,18
dapibus dolor,19
arcu sed augue,20
amet nunc,21
mus,22
duis consequat dui,23
nunc,24
erat id,25
lorem vitae,26
ultrices,27
nullam orci,28
morbi a ipsum,29
tristique,30
volutpat erat quisque,31
iaculis diam erat,32
nascetur ridiculus mus,33
sem sed,34
quam fringilla,35
est,36
semper rutrum nulla,37
viverra pede,38
odio,39
odio cras mi,40
hac,41
posuere cubilia curae,42
felis sed,43
ac nulla sed,44
sollicitudin vitae,45
quis justo,46
ante vivamus tortor,47
ipsum,48
quam pharetra magna,49
vivamus,50
