Prompt,Prompt_ID
Praesent blandit lacinia erat.,1
Vestibulum sed magna at nunc commodo placerat.,2
Etiam pretium iaculis justo.,3
Aliquam quis turpis eget elit sodales scelerisque.,4
Curabitur at ipsum ac tellus semper interdum.,5
Vivamus in felis eu sapien cursus vestibulum.,6
Aliquam non mauris.,7
Suspendisse potenti.,8
Vestibulum sed magna at nunc commodo placerat.,9
"Morbi vestibulum, velit id pretium iaculis, diam erat fermentum justo, nec condimentum neque sapien placerat ante.",10
Suspendisse ornare consequat lectus.,11
Fusce posuere felis sed lacus.,12
Quisque porta volutpat erat.,13
In sagittis dui vel nisl.,14
Quisque ut erat.,15
"Cum sociis natoque penatibus et magnis dis parturient montes, nascetur ridiculus mus.",16
Sed accumsan felis.,17
Aenean fermentum.,18
Mauris sit amet eros.,19
"Aliquam augue quam, sollicitudin vitae, consectetuer eget, rutrum at, lorem.",20
Proin risus.,21
In blandit ultrices enim.,22
Aliquam sit amet diam in magna bibendum imperdiet.,23
Donec quis orci eget orci vehicula condimentum.,24
Maecenas rhoncus aliquam lacus.,25
"Vestibulum quam sapien, varius ut, blandit non, interdum in, ante.",26
"Morbi vestibulum, velit id pretium iaculis, diam erat fermentum justo, nec condimentum neque sapien placerat ante.",27
Praesent blandit.,28
Etiam vel augue.,29
Morbi non lectus.,30
Integer tincidunt ante vel ipsum.,31
Aliquam non mauris.,32
Suspendisse accumsan tortor quis turpis.,33
"Morbi odio odio, elementum eu, interdum eu, tincidunt in, leo.",34
"Vestibulum quam sapien, varius ut, blandit non, interdum in, ante.",35
Integer ac neque.,36
Quisque id justo sit amet sapien dignissim vestibulum.,37
Proin at turpis a pede posuere nonummy.,38
Ut at dolor quis odio consequat varius.,39
In sagittis dui vel nisl.,40
"In est risus, auctor sed, tristique in, tempus sit amet, sem.",41
Nullam porttitor lacus at turpis.,42
Sed vel enim sit amet nunc viverra dapibus.,43
Donec dapibus.,44
Aenean fermentum.,45
Praesent blandit.,46
"Lorem ipsum dolor sit amet, consectetuer adipiscing elit.",47
Nunc nisl.,48
Praesent blandit lacinia erat.,49
Praesent blandit.,50
Suspendisse potenti.,51
Etiam faucibus cursus urna.,52
Integer ac leo.,53
Vestibulum ante ipsum primis in faucibus orci luctus et ultrices posuere cubilia Curae; Nulla dapibus dolor vel est.,54
Cras in purus eu magna vulputate luctus.,55
Fusce posuere felis sed lacus.,56
Duis ac nibh.,57
Nam nulla.,58
"Duis bibendum, felis sed interdum venenatis, turpis enim blandit mi, in porttitor pede justo eu massa.",59
"Vestibulum ante ipsum primis in faucibus orci luctus et ultrices posuere cubilia Curae; Donec pharetra, magna vestibulum aliquet ultrices, erat tortor sollicitudin mi, sit amet lobortis sapien sapien non mi.",60
Morbi non quam nec dui luctus rutrum.,61
"Donec diam neque, vestibulum eget, vulputate ut, ultrices vel, augue.",62
"In est risus, auctor sed, tristique in, tempus sit amet, sem.",63
In quis justo.,64
In hac habitasse platea dictumst.,65
"Morbi odio odio, elementum eu, interdum eu, tincidunt in, leo.",66
Aliquam erat volutpat.,67
Donec vitae nisi.,68
"Integer aliquet, massa id lobortis convallis, tortor risus dapibus augue, vel accumsan tellus nisi eu orci.",69
"Quisque erat eros, viverra eget, congue eget, semper rutrum, nulla.",70
"In est risus, auctor sed, tristique in, tempus sit amet, sem.",71
Morbi ut odio.,72
Sed vel enim sit amet nunc viverra dapibus.,73
Phasellus in felis.,74
Maecenas ut massa quis augue luctus tincidunt.,75
Maecenas tincidunt lacus at velit.,76
Praesent id massa id nisl venenatis lacinia.,77
Suspendisse potenti.,78
Fusce posuere felis sed lacus.,79
Suspendisse potenti.,80
"Mauris enim leo, rhoncus sed, vestibulum sit amet, cursus id, turpis.",81
Integer non velit.,82
Vivamus vel nulla eget eros elementum pellentesque.,83
Duis aliquam convallis nunc.,84
Integer ac neque.,85
Vestibulum ante ipsum primis in faucibus orci luctus et ultrices posuere cubilia Curae; Nulla dapibus dolor vel est.,86
In hac habitasse platea dictumst.,87
"Vestibulum ante ipsum primis in faucibus orci luctus et ultrices posuere cubilia Curae; Donec pharetra, magna vestibulum aliquet ultrices, erat tortor sollicitudin mi, sit amet lobortis sapien sapien non mi.",88
Aenean lectus.,89
Donec dapibus.,90
Nullam sit amet turpis elementum ligula vehicula consequat.,91
Suspendisse accumsan tortor quis turpis.,92
Nullam molestie nibh in lectus.,93
Donec quis orci eget orci vehicula condimentum.,94
"Morbi odio odio, elementum eu, interdum eu, tincidunt in, leo.",95
Pellentesque ultrices mattis odio.,96
"Aliquam augue quam, sollicitudin vitae, consectetuer eget, rutrum at, lorem.",97
Duis aliquam convallis nunc.,98
Mauris sit amet eros.,99
Vivamus vel nulla eget eros elementum pellentesque.,100
